,City,Country,Lat,Lng,Date,Cloudiness,Humidity,Wind Speed,Max Temp
0,Bredasdorp,ZA,-34.53,20.04,1569169666,28,50,6.93,59.0
1,La Ronge,CA,55.1,-105.3,1569169666,20,67,6.93,59.0
2,Longyearbyen,NO,78.22,15.63,1569169667,40,77,10.29,32.0
3,Ushuaia,AR,-54.81,-68.31,1569169429,90,99,6.24,42.8
4,Pipri,IN,24.21,83.02,1569169667,82,79,3.24,80.61
5,Pitimbu,BR,-7.47,-34.81,1569169667,20,54,10.29,84.2
6,Saint George,GR,39.45,22.34,1569169667,20,56,10.29,71.6
7,Tuatapere,NZ,-46.13,167.69,1569169668,100,56,13.0,57.0
8,Punta Arenas,CL,-53.16,-70.91,1569169668,75,75,5.82,42.8
9,Chuy,UY,-33.69,-53.46,1569169668,0,55,12.82,54.15
10,Isangel,VU,-19.55,169.27,1569169668,75,88,5.82,68.0
11,Cape Town,ZA,-33.93,18.42,1569169668,20,58,18.34,61.0
12,Yumen,CN,40.29,97.04,1569169669,0,14,15.61,68.37
13,Yekaterinoslavka,RU,54.34,72.46,1569169669,100,79,17.65,56.31
14,Mahebourg,MU,-20.41,57.7,1569169669,75,88,13.87,71.6
15,Qaanaaq,GL,77.48,-69.36,1569169669,0,52,5.61,24.27
16,Bilibino,RU,68.06,166.44,1569169670,88,96,2.15,18.87
17,Alibag,IN,18.64,72.88,1569169670,20,83,6.93,82.4
18,Saldanha,PT,41.42,-6.55,1569169670,94,44,10.18,68.19
19,Rikitea,PF,-23.12,-134.97,1569169670,100,85,16.62,70.35
20,Tashtyp,RU,52.8,89.89,1569169670,0,90,1.03,45.15
21,Tuim,RU,54.34,89.93,1569169671,0,88,4.56,46.23
22,Busselton,AU,-33.64,115.35,1569169671,100,66,13.31,48.0
23,Altay,CN,47.83,88.13,1569169671,0,30,6.69,54.33
24,Barrow,AR,-38.31,-60.23,1569169671,0,27,8.9,63.15
25,Ribeira Grande,PT,38.52,-28.7,1569169672,75,88,23.04,75.2
26,Zhezkazgan,KZ,47.8,67.71,1569169672,90,87,20.13,51.8
27,Castro,CL,-42.48,-73.76,1569169437,75,70,9.17,46.4
28,Kaitangata,NZ,-46.28,169.85,1569169672,88,57,3.0,52.0
29,Constitucion,MX,23.99,-104.67,1569169672,5,59,2.24,70.0
30,Musoma,TZ,-1.5,33.81,1569169672,20,65,11.41,78.8
31,Challans,FR,46.85,-1.88,1569169673,40,63,16.11,66.99
32,Atuona,PF,-9.8,-139.03,1569169673,67,80,22.53,79.71
33,Hithadhoo,MV,-0.6,73.08,1569169594,100,78,14.99,82.77
34,New Norfolk,AU,-42.78,147.06,1569169673,83,65,10.29,44.6
35,Ishim,RU,56.11,69.47,1569169673,78,86,13.06,43.53
36,Fortuna,US,40.6,-124.16,1569169674,20,93,8.05,62.01
37,Port Alfred,ZA,-33.59,26.89,1569169674,20,88,8.01,55.99
38,Hobart,AU,-42.88,147.33,1569169550,83,65,8.05,44.6
39,Hun,BE,50.34,4.87,1569169674,76,77,11.41,75.2
40,Beringovskiy,RU,63.05,179.32,1569169674,0,73,4.61,27.87
41,Jamestown,AU,-33.21,138.6,1569169675,18,98,7.67,42.99
42,Pathein,MM,16.78,94.73,1569169675,76,90,8.08,77.91
43,Coquimbo,CL,-29.95,-71.34,1569169565,90,87,8.05,53.6
44,Cheyenne,US,41.14,-104.82,1569169666,1,28,23.04,63.0
45,Lagos,NG,6.46,3.39,1569169499,40,66,5.82,86.0
46,East London,ZA,-33.02,27.91,1569169675,0,82,12.75,55.4
47,Yellowknife,CA,62.45,-114.38,1569169676,75,87,5.82,53.6
48,Mataura,NZ,-46.19,168.86,1569169676,100,56,13.0,57.0
49,Labuhan,ID,-2.54,115.51,1569169676,9,84,1.97,74.67
50,Tomatlan,MX,19.93,-105.25,1569169676,4,84,6.15,80.79
51,Aberdeen,US,46.98,-123.82,1569169676,90,100,6.93,62.01
52,Puerto Ayora,EC,-0.74,-90.35,1569169677,75,56,18.34,73.4
53,Arraial do Cabo,BR,-22.97,-42.02,1569169677,75,88,12.75,73.4
54,Pevek,RU,69.7,170.27,1569169677,100,92,16.4,36.69
55,Sesheke,NA,-17.47,24.29,1569169677,78,6,1.12,91.4
56,Okhotsk,RU,59.36,143.24,1569169677,38,79,4.54,40.83
57,Rocha,UY,-34.48,-54.34,1569169678,0,44,10.33,56.13
58,Maralal,KE,1.1,36.7,1569169678,100,59,9.57,70.35
59,Yulara,AU,-25.24,130.99,1569169678,0,24,10.29,59.0
60,Crotone,IT,39.09,17.12,1569169678,20,78,8.05,73.4
61,Vaini,IN,15.34,74.49,1569169678,59,90,0.6,76.11
62,Antofagasta,CL,-23.65,-70.4,1569169679,20,72,12.75,59.0
63,Carlsbad,CZ,50.23,12.87,1569169679,0,51,6.93,66.99
64,San Quintin,PH,17.54,120.52,1569169679,10,88,2.75,72.15
65,Kapaa,US,22.08,-159.32,1569169679,20,88,5.82,75.2
66,Beaverton,US,45.49,-122.8,1569169569,90,87,6.93,59.0
67,Saint-Pierre,FR,48.95,4.24,1569169680,96,93,10.29,64.4
68,Faanui,PF,-16.48,-151.75,1569169680,0,81,19.15,80.25
69,Teguldet,RU,57.31,88.17,1569169680,100,70,11.32,51.81
70,Katsuura,JP,33.93,134.5,1569169680,90,94,34.45,80.6
71,Nantucket,US,41.28,-70.1,1569169680,1,83,10.29,77.0
72,Cherskiy,RU,68.75,161.3,1569169681,100,97,4.94,27.87
73,Sao Filipe,CV,14.9,-24.5,1569169681,14,86,16.28,81.15
74,Albany,US,42.65,-73.75,1569169420,75,50,8.05,80.01
75,Vao,EE,59.1,26.19,1569169681,40,59,9.93,47.13
76,Eyl,SO,7.98,49.82,1569169681,0,66,23.64,78.45
77,Hermanus,ZA,-34.42,19.24,1569169682,0,63,1.99,59.0
78,Rantepao,ID,-2.97,119.9,1569169682,94,96,2.62,58.11
79,Lebu,ET,8.96,38.73,1569169682,90,87,4.7,59.0
80,Vila,IT,45.18,8.4,1569169682,75,87,2.8,64.4
81,Port Elizabeth,US,39.31,-74.98,1569169682,40,54,5.82,87.01
82,Sulphur,US,30.24,-93.38,1569169683,40,66,12.75,87.8
83,Zabaykalsk,CN,49.64,117.33,1569169683,0,64,7.02,56.31
84,Cabo San Lucas,MX,22.89,-109.91,1569169599,90,88,9.17,88.0
85,Bathsheba,BB,13.22,-59.52,1569169683,75,70,24.16,86.0
86,Sangod,IN,24.93,76.29,1569169684,50,89,6.42,75.93
87,Severo-Kurilsk,RU,50.68,156.12,1569169684,99,85,9.64,47.67
88,Port Lincoln,AU,-34.72,135.86,1569169684,35,64,14.58,54.51
89,Esperance,AU,-33.86,121.89,1569169684,90,93,2.33,50.0
90,Guerrero Negro,MX,27.97,-114.04,1569169685,0,81,3.4,70.35
91,Bileca,BA,42.87,18.43,1569169685,0,60,9.17,73.4
92,Ranau,MY,5.95,116.67,1569169685,75,88,2.24,80.6
93,Nenita,PH,12.49,124.8,1569169685,26,85,3.36,77.91
94,Nanortalik,GL,60.14,-45.24,1569169685,99,81,9.17,41.37
95,Salalah,OM,17.01,54.1,1569169686,75,78,6.93,80.6
96,Flinders,AU,-34.58,150.85,1569169686,31,93,3.36,57.99
97,Kununurra,AU,-15.77,128.74,1569169686,1,57,2.82,78.8
98,Mar del Plata,AR,-46.43,-67.52,1569169686,55,33,20.2,52.35
99,Zalantun,CN,48.0,122.72,1569169686,0,64,3.42,53.25
100,Hambantota,LK,6.12,81.12,1569169687,90,100,6.93,77.0
101,Saint-Philippe,CA,45.36,-73.48,1569169687,75,60,10.29,80.01
102,Carnarvon,ZA,-30.97,22.13,1569169687,0,31,26.8,56.31
103,Bukan,IR,36.52,46.21,1569169687,0,47,3.44,57.93
104,Avarua,CK,-21.21,-159.78,1569169687,100,94,1.12,69.8
105,Vestmannaeyjar,IS,63.44,-20.27,1569169688,90,100,26.4,51.8
106,Pangnirtung,CA,66.15,-65.72,1569169688,20,80,5.82,39.2
107,Muyezerskiy,RU,63.93,31.65,1569169688,73,71,11.18,36.69
108,Yushu,CN,44.84,126.53,1569169688,0,77,2.3,52.35
109,Chokurdakh,RU,70.62,147.9,1569169689,0,83,8.48,26.43
110,Katakwi,UG,1.91,33.96,1569169689,48,63,6.38,79.35
111,Nikolskoye,RU,59.7,30.79,1569169689,75,70,8.95,43.0
112,Slobodskoy,RU,58.73,50.18,1569169689,100,90,2.21,35.79
113,Srivardhan,IN,18.03,73.02,1569169690,37,87,7.07,78.99
114,Pacific Grove,US,36.62,-121.92,1569169588,90,87,3.36,71.01
115,Tsabong,BW,-26.02,22.4,1569169691,0,13,24.45,71.79
116,Cortez,US,37.35,-108.58,1569169691,1,28,3.33,64.0
117,Pisco,PE,-13.71,-76.2,1569169691,0,30,9.17,71.6
118,Geraldton,CA,49.72,-86.95,1569169691,40,72,9.17,68.0
119,Georgetown,GY,6.8,-58.16,1569169691,75,74,16.11,89.6
120,Clyde River,CA,70.47,-68.59,1569169692,90,88,13.87,32.0
121,Sabla,NG,12.75,4.71,1569169692,0,27,1.5,98.25
122,Port-Gentil,GA,-0.72,8.78,1569169692,40,78,14.99,82.4
123,San Patricio,PY,-26.98,-56.83,1569169692,98,35,11.45,69.99
124,Tasiilaq,GL,65.61,-37.64,1569169692,100,75,33.33,44.6
125,Portland,US,43.66,-70.25,1569168858,1,44,6.93,81.0
126,Byron Bay,AU,-28.65,153.62,1569169693,0,82,10.29,66.2
127,Khatanga,RU,71.98,102.47,1569169693,100,96,16.4,36.33
128,Lagoa,PT,37.14,-8.45,1569169693,20,78,14.99,77.0
129,Talnakh,RU,69.49,88.39,1569169693,75,78,15.66,37.4
130,Kamenka,MD,48.03,28.7,1569169694,0,54,8.39,64.0
131,Sitka,US,37.17,-99.65,1569169694,55,61,15.01,68.0
132,Shuyskoye,RU,59.37,41.03,1569169694,67,88,6.53,36.15
133,Saskylakh,RU,71.97,114.09,1569169695,100,89,13.76,37.59
134,Mareeba,AU,-16.99,145.42,1569169695,75,78,11.41,71.6
135,Chapais,CA,49.78,-74.86,1569169695,90,93,10.29,66.2
136,Aginskoye,RU,51.11,114.54,1569169695,21,65,7.87,48.93
137,Mataram,ID,-5.32,105.06,1569169695,100,93,1.57,68.73
138,Hondo,US,29.35,-99.14,1569169696,75,48,6.93,87.8
139,Ust-Tsilma,RU,65.44,52.15,1569169696,85,94,2.42,32.73
140,Lazaro Cardenas,MX,28.39,-105.62,1569169696,90,83,4.7,75.0
141,Churapcha,RU,62.0,132.43,1569169696,99,98,1.66,35.79
142,Kysyl-Syr,RU,63.9,122.77,1569169696,98,91,8.34,40.29
143,Bluff,AU,-23.58,149.07,1569169696,77,72,6.17,61.53
144,Lake Charles,US,30.23,-93.22,1569169697,20,62,13.87,87.8
145,Talcahuano,CL,-36.72,-73.12,1569169697,0,54,10.29,59.0
146,Jacareacanga,BR,-6.22,-57.76,1569169697,81,63,4.52,82.77
147,Madona,LV,56.85,26.22,1569169697,18,61,7.05,46.95
148,Vila do Maio,CV,15.13,-23.22,1569169697,40,55,16.11,91.4
149,Atar,MR,20.52,-13.05,1569169698,0,13,9.17,106.53
150,Salmas,IR,38.2,44.77,1569169698,0,47,2.24,55.4
151,Magadan,RU,59.56,150.8,1569169698,88,87,9.69,46.05
152,Bonthe,SL,7.53,-12.5,1569169698,100,76,10.98,81.33
153,Nuuk,GL,64.17,-51.74,1569169402,20,86,4.7,41.0
154,Aykhal,RU,65.95,111.51,1569169699,90,80,8.95,33.8
155,Mnogovershinnyy,RU,53.94,139.92,1569169699,47,75,7.38,40.29
156,Kokrajhar,IN,26.4,90.27,1569169699,54,88,4.68,78.45
157,Borogontsy,RU,62.67,131.17,1569169699,95,98,2.42,34.35
158,Zaokskiy,RU,54.73,37.4,1569169700,40,80,6.71,39.2
159,Hovd,NO,63.83,10.7,1569169700,0,71,13.87,53.01
160,Santa Rosa,AR,-36.62,-64.29,1569169700,0,27,14.67,64.77
161,Tadine,NC,-21.55,167.88,1569169700,76,71,22.08,69.99
162,Moron,HT,18.56,-74.26,1569169700,46,72,10.18,84.57
163,Lorengau,PG,-2.02,147.27,1569169701,100,84,2.93,77.37
164,Clemson,US,34.69,-82.84,1569169701,1,48,3.36,86.0
165,Narasannapeta,IN,18.42,84.04,1569169701,53,87,2.46,79.53
166,Port Blair,IN,11.67,92.75,1569169701,100,82,8.3,80.25
167,Purmerend,NL,52.5,4.96,1569169702,0,53,9.17,79.0
168,Lewisporte,CA,49.25,-55.06,1569169702,75,42,16.11,66.0
169,Nome,US,30.04,-94.42,1569169702,75,62,9.17,88.0
170,Tiksi,RU,71.64,128.87,1569169702,100,97,5.95,36.87
171,Paamiut,GL,61.99,-49.67,1569169702,0,80,7.31,39.39
172,Cabedelo,BR,-6.97,-34.84,1569169703,20,54,10.29,84.2
173,Ouargaye,BF,11.5,0.06,1569169703,66,42,2.08,93.57
174,Bawku,GH,11.06,-0.24,1569169703,69,48,1.92,91.95
175,Sweetwater,US,32.47,-100.41,1569169703,40,78,18.34,86.0
176,Padang,ID,-0.92,100.36,1569169703,44,85,15.7,79.35
177,Ancud,CL,-41.87,-73.83,1569169704,0,66,9.17,48.2
178,Imbituba,BR,-28.24,-48.67,1569169704,20,64,16.11,69.8
179,Haines Junction,CA,60.75,-137.51,1569169704,100,97,4.32,33.09
180,Victoria,BN,5.28,115.24,1569169704,75,83,2.24,82.4
181,Waingapu,ID,-9.65,120.26,1569169704,65,93,3.74,68.55
182,Ust-Koksa,RU,50.27,85.62,1569169705,0,49,7.09,49.11
183,Acapulco,MX,16.86,-99.88,1569169435,75,78,0.81,82.4
184,Deputatskiy,RU,69.3,139.9,1569169705,100,89,2.71,27.33
185,Guilin,CN,25.28,110.29,1569169705,20,68,4.47,66.2
186,Oranjemund,ZA,-28.55,16.43,1569169705,0,80,29.1,57.57
187,Hualmay,PE,-11.1,-77.61,1569169706,100,90,9.31,60.63
188,Tura,RU,64.27,100.22,1569169570,0,83,6.87,30.21
189,Aksu,KZ,52.04,76.93,1569169706,40,26,13.42,71.6
190,Belyy Yar,RU,53.6,91.39,1569169706,0,87,2.24,46.4
191,Yalkhoy-Mokhk,RU,43.11,46.19,1569169706,0,62,4.47,51.8
192,Dikson,RU,73.51,80.55,1569169707,100,94,20.18,39.03
193,Avera,US,33.19,-82.53,1569169707,1,39,4.7,82.99
194,Gelgaudiskis,LT,55.08,22.98,1569169707,94,78,7.56,60.27
195,Mount Isa,AU,-20.73,139.49,1569169707,0,18,12.75,69.8
196,Bundibugyo,UG,0.71,30.06,1569169707,48,94,0.67,57.21
197,Hilo,US,19.71,-155.08,1569169708,40,69,6.93,75.2
198,Macapa,BR,0.05,-51.07,1569169708,40,55,6.93,91.4
199,Dezful,IR,32.38,48.4,1569169708,0,10,12.55,99.33
200,Manicore,BR,-5.81,-61.3,1569169708,95,51,4.07,90.87
201,Pangody,RU,65.85,74.49,1569169708,100,68,17.2,38.49
202,Fairview,CA,56.07,-118.38,1569169709,40,58,11.41,59.0
203,Grindavik,IS,63.84,-22.43,1569169709,90,93,23.04,55.4
204,Kavaratti,IN,10.57,72.64,1569169709,94,77,8.14,82.41
205,Kazachinskoye,RU,57.69,93.28,1569169709,90,73,9.28,43.89
206,Lavrentiya,RU,65.58,-170.99,1569169709,100,87,4.9,29.49
207,Bethel,US,60.79,-161.76,1569169710,20,93,12.75,41.0
208,Mogadishu,SO,2.04,45.34,1569169710,100,71,16.91,77.55
209,Ozernovskiy,RU,51.5,156.52,1569169710,97,87,5.86,43.53
210,Butaritari,KI,3.07,172.79,1569169711,97,60,6.13,84.57
211,Bouna,CI,9.27,-3.0,1569169711,92,67,4.21,84.21
212,San Antonio,CL,-33.58,-71.61,1569169597,40,76,9.17,57.2
213,Mandiana,GN,10.62,-8.7,1569169712,28,60,3.15,87.09
214,Iskateley,RU,67.68,53.15,1569169712,100,75,5.93,36.33
215,North Bend,US,43.41,-124.22,1569169712,90,100,11.41,62.01
216,Chifeng,CN,42.27,118.96,1569169712,0,39,4.47,53.07
217,Ewa Beach,US,21.32,-158.01,1569169712,75,83,3.53,78.8
218,Kenai,US,60.55,-151.26,1569169712,1,100,3.36,36.0
219,Lastoursville,GA,-0.81,12.73,1569169713,33,67,2.86,85.65
220,Chililabombwe,ZM,-12.37,27.84,1569169713,64,16,6.26,88.89
221,Zhigansk,RU,66.77,123.37,1569169713,95,85,10.51,37.77
222,Berlevag,NO,70.86,29.09,1569169713,75,76,18.34,39.2
223,Rabo de Peixe,PT,37.8,-25.58,1569169714,75,94,18.34,71.6
224,Suntar,RU,62.16,117.65,1569169714,63,89,6.71,37.77
225,Borda da Mata,BR,-22.27,-46.17,1569169714,20,57,4.23,78.8
226,Xining,CN,36.62,101.77,1569169714,100,92,7.25,39.21
227,Le Port,FR,42.87,1.37,1569169714,100,71,5.99,63.0
228,Tuktoyaktuk,CA,69.44,-133.03,1569169715,90,93,12.75,39.2
229,Shanhetun,CN,44.7,127.2,1569169715,0,79,3.8,51.27
230,Emerald,AU,-23.53,148.16,1569169715,53,55,4.79,66.2
231,Emirdag,TR,39.02,31.15,1569169715,0,26,10.07,60.09
232,Crestline,US,40.79,-82.74,1569169715,1,42,11.41,84.99
233,Pozhva,RU,59.09,56.08,1569169716,83,87,1.61,33.63
234,Port Shepstone,ZA,-30.74,30.45,1569169716,100,80,17.22,57.21
235,Sorong,ID,-0.86,131.25,1569169716,50,96,5.03,72.33
236,Winneba,GH,5.35,-0.62,1569169716,20,78,14.99,82.4
237,Tokonou,GN,9.65,-9.78,1569169717,93,70,3.65,82.77
238,Lompoc,US,34.64,-120.46,1569169717,1,55,2.46,75.99
239,Narsaq,GL,60.91,-46.05,1569169717,0,70,2.24,42.8
240,Klaksvik,FO,62.23,-6.59,1569169717,62,93,28.86,53.6
241,Namatanai,PG,-3.66,152.44,1569169717,100,79,3.8,78.27
242,Letlhakane,BW,-21.42,25.59,1569169718,0,5,4.76,91.95
243,Kochki,RU,54.33,80.49,1569169718,93,41,19.19,66.03
244,Komsomolskiy,RU,67.55,63.78,1569169718,99,81,3.76,32.73
245,Hamilton,CA,43.26,-79.87,1569169506,40,61,24.16,86.0
246,Chopinzinho,BR,-25.86,-52.53,1569169718,100,49,7.9,72.51
247,Faya,SA,18.39,42.45,1569169719,0,12,11.41,77.0
248,Terme,TR,41.21,36.97,1569169719,0,67,2.24,59.0
249,Kijang,KR,35.24,129.21,1569169720,90,77,10.29,66.2
250,Kopaganj,IN,26.02,83.57,1569169720,59,77,5.44,81.15
251,Rongcheng,CN,37.16,122.42,1569169720,0,39,10.56,70.0
252,Kushima,JP,31.5,131.29,1569169720,99,94,17.0,73.0
253,Kodiak,US,39.95,-94.76,1569169720,90,100,12.75,69.01
254,Vila Velha,BR,-3.71,-38.6,1569169721,40,58,18.34,86.0
255,Vostok,RU,46.45,135.83,1569169721,0,86,3.27,41.55
256,Porto Novo,BR,-23.68,-45.44,1569169721,75,82,5.82,68.0
257,Bahia Blanca,AR,-38.72,-62.27,1569169643,0,27,12.3,64.95
258,Mehamn,NO,71.03,27.85,1569169721,75,80,20.8,41.0
259,Podporozhye,RU,60.91,34.16,1569169722,65,74,11.88,40.83
260,Menongue,AO,-14.66,17.68,1569169722,56,8,2.3,95.01
261,Bandarbeyla,SO,9.49,50.81,1569169722,87,66,27.76,79.35
262,Cayenne,GF,4.94,-52.33,1569169722,20,59,10.29,89.6
263,Filingue,NE,14.35,3.32,1569169722,50,15,4.09,102.75
264,Morant Bay,JM,17.88,-76.41,1569169723,20,70,13.87,87.8
265,Kathu,ZA,-27.7,23.05,1569169723,0,29,1.99,66.0
266,Makokou,GA,0.56,12.85,1569169723,18,70,3.06,82.95
267,Huarmey,PE,-10.07,-78.15,1569169723,100,92,9.71,60.45
268,Tilichiki,RU,60.47,166.1,1569169724,100,87,3.67,37.95
269,Gizo,IL,31.8,34.94,1569169724,0,61,11.41,82.99
270,Port Hedland,AU,-20.31,118.58,1569169724,0,17,8.05,64.4
271,Thompson,CA,55.74,-97.86,1569169505,40,66,4.7,55.4
272,Baracoa,CU,20.35,-74.5,1569169724,15,68,4.85,84.57
273,Bima,ID,-8.45,118.73,1569169725,0,94,1.3,67.83
274,Ostrovnoy,RU,68.05,39.51,1569169725,100,80,22.26,38.13
275,Harper,US,30.3,-99.24,1569169725,90,62,11.41,84.2
276,Kruisfontein,ZA,-34.0,24.73,1569169725,70,65,21.61,52.89
277,Nishihara,JP,35.74,139.53,1569169725,90,94,3.36,73.0
278,Saint-Paul,FR,45.22,1.9,1569169726,100,93,5.82,62.01
279,Smithers,CA,54.78,-127.17,1569169726,40,87,3.04,50.0
280,Tarko-Sale,RU,64.92,77.78,1569169726,100,91,1.01,37.99
281,Cantaura,VE,9.31,-64.36,1569169726,100,93,4.68,72.15
282,Yenagoa,NG,4.92,6.26,1569169726,99,74,9.71,83.31
283,Kidal,ML,18.44,1.41,1569169727,0,5,10.85,104.55
284,Shingu,JP,33.72,135.99,1569169727,99,97,18.7,70.71
285,Quetta,PK,30.19,67.02,1569169727,0,13,1.9,73.59
286,Wukari,NG,7.87,9.78,1569169727,79,69,5.7,87.09
287,Campo Largo,BR,-25.46,-49.53,1569169727,90,82,10.29,61.0
288,Henties Bay,NA,-22.12,14.28,1569169728,0,79,3.0,63.0
289,Bantou,CN,26.22,117.49,1569169728,0,85,1.81,59.19
290,Rome,IT,41.89,12.48,1569169728,75,82,12.75,73.4
291,Kirakira,SB,-10.46,161.92,1569169728,100,83,12.35,76.83
292,Ampanihy,MG,-24.69,44.75,1569169728,0,50,8.66,79.35
293,Batsfjord,NO,70.63,29.72,1569169729,75,75,18.34,39.2
294,Mokrous,RU,51.24,47.51,1569169729,100,87,19.08,44.97
295,Ambon,FR,47.55,-2.56,1569169729,18,82,12.75,66.99
296,Shenjiamen,CN,29.96,122.3,1569169729,97,74,23.2,73.95
297,Torbay,CA,47.66,-52.73,1569169507,90,58,26.4,60.01
298,Petropavlovsk-Kamchatskiy,RU,53.05,158.65,1569169729,28,100,6.71,37.4
299,Ginda,IN,30.69,78.49,1569169730,0,91,3.56,56.13
300,Te Anau,NZ,-45.41,167.72,1569169730,99,84,9.8,45.87
301,Codrington,AU,-28.95,153.24,1569169730,18,93,4.7,66.2
302,Hirado,JP,33.32,129.49,1569169730,75,94,25.28,78.01
303,Camacha,PT,33.08,-16.33,1569169730,20,69,10.29,75.2
304,Norman Wells,CA,65.28,-126.83,1569169731,75,100,3.36,44.6
305,Show Low,US,34.25,-110.03,1569169731,1,17,2.55,69.01
306,San Jose,HN,14.25,-87.96,1569169731,95,70,2.64,74.67
307,Nemuro,JP,43.32,145.57,1569169731,100,75,5.68,60.63
308,Oktyabrskiy,RU,55.61,37.97,1569169732,75,75,20.13,41.0
309,Amahai,ID,-3.31,129.0,1569169732,31,88,6.4,75.03
310,Provideniya,RU,64.42,-173.23,1569169732,57,78,5.75,29.85
311,Tabat,ID,-2.64,115.23,1569169732,0,78,3.11,77.73
312,Broome,GB,52.47,1.45,1569169733,90,100,5.82,70.0
313,Laureles,MX,29.18,-110.87,1569169733,90,83,10.29,82.0
314,Srednekolymsk,RU,67.46,153.71,1569169733,18,71,5.03,26.07
315,Alofi,NU,-19.06,-169.92,1569169733,100,72,12.75,68.0
316,Buraydah,SA,26.33,43.97,1569169734,0,17,8.05,98.6
317,Kahului,US,20.89,-156.47,1569169734,1,83,5.32,75.99
318,Bambous Virieux,MU,-20.34,57.76,1569169734,75,88,13.87,71.6
319,Urucara,BR,-2.54,-57.76,1569169734,78,36,4.65,98.79
320,Koster,ZA,-25.86,26.9,1569169735,32,9,17.58,82.41
321,Cockburn Town,TC,21.46,-71.14,1569169735,61,69,2.68,84.03
322,Saint-Augustin,CA,45.63,-73.98,1569169735,90,69,9.17,80.01
323,Marsaxlokk,MT,35.84,14.54,1569169735,20,69,17.22,78.8
324,Onega,RU,63.91,38.09,1569169736,100,86,26.89,42.27
325,Santa Vitoria do Palmar,BR,-33.52,-53.37,1569169736,0,54,7.76,58.47
326,Belyy,RU,55.83,32.94,1569169736,66,68,7.96,42.99
327,Comodoro Rivadavia,AR,-45.87,-67.48,1569169736,0,18,16.11,64.4
328,Auki,NG,12.18,6.51,1569169736,100,38,4.83,91.77
329,Bom Jardim,BR,-7.8,-35.59,1569169448,40,54,10.29,80.6
330,Bac Giang,VN,21.27,106.2,1569169737,0,78,2.24,75.2
331,Fez,MA,34.03,-5.02,1569169737,40,39,10.29,84.2
332,Leh,IN,34.16,77.58,1569169737,0,16,4.32,41.73
333,Ranot,TH,7.78,100.32,1569169738,100,86,1.43,79.35
334,Progreso,UY,-34.68,-56.22,1569169738,0,51,5.82,62.01
335,Rio Gallegos,AR,-51.62,-69.22,1569169738,0,49,12.75,46.4
336,La Libertad,PE,-16.38,-71.56,1569169738,0,19,9.17,68.0
337,Roebourne,AU,-20.77,117.15,1569169738,0,10,12.62,68.01
338,Thinadhoo,MV,0.53,72.93,1569169739,73,75,12.91,82.23
339,Denpasar,ID,-8.65,115.22,1569169739,20,88,6.93,77.0
340,Westport,US,41.14,-73.36,1569169576,1,60,6.93,84.99
341,Hoquiam,US,46.98,-123.89,1569169739,90,100,6.93,62.01
342,Margate,AU,-43.03,147.26,1569169739,83,65,10.29,44.6
343,Mayumba,GA,-3.44,10.65,1569169739,18,86,13.11,76.47
344,Kuryk,KZ,43.18,51.68,1569169740,0,50,8.68,58.65
345,Owosso,US,43.0,-84.18,1569169639,40,65,10.29,82.4
346,Verkhoyansk,RU,67.55,133.39,1569169740,56,92,4.45,28.95
347,Northam,AU,-31.65,116.67,1569169740,67,81,1.12,50.0
348,Airai,TL,-8.93,125.41,1569169741,3,87,2.95,68.19
349,Chadiza,ZM,-14.06,32.43,1569169741,0,13,7.38,91.05
350,Presidencia Roque Saenz Pena,AR,-26.79,-60.44,1569169741,45,25,10.71,73.77
351,Hofn,IS,64.25,-15.21,1569169741,90,93,4.7,53.6
352,Swan Hill,AU,-35.34,143.56,1569169741,87,88,6.96,43.89
353,Pryazha,RU,61.69,33.62,1569169742,88,75,11.18,42.8
354,Half Moon Bay,US,37.46,-122.43,1569169742,90,100,3.36,72.0
355,Viedma,AR,-40.81,-62.99,1569169742,0,19,8.84,64.59
356,San Vicente,EC,-0.59,-80.41,1569169742,90,83,9.17,75.2
357,Coihaique,CL,-45.58,-72.07,1569169743,75,45,3.36,48.2
358,Fort Nelson,CA,58.81,-122.69,1569169743,20,76,4.7,50.0
359,Evensk,RU,61.92,159.24,1569169743,54,56,5.55,34.53
360,Hasaki,JP,35.73,140.83,1569169743,75,100,6.93,73.0
361,Lanzhou,CN,36.06,103.82,1569169743,0,66,2.24,53.6
362,Conde,BR,-11.81,-37.61,1569169744,68,48,7.7,84.57
363,Alice,ZA,-32.79,26.83,1569169744,95,60,20.47,54.69
364,The Valley,AI,18.22,-63.06,1569169703,40,70,16.11,89.6
365,Ternate,PH,14.29,120.72,1569169744,75,88,3.36,81.0
366,Itarema,BR,-2.92,-39.92,1569169744,61,46,13.4,90.33
367,Bonavista,CA,48.65,-53.11,1569169745,100,60,15.99,60.01
368,Kuusamo,FI,65.96,29.19,1569169745,40,71,8.05,35.6
369,Huilong,CN,31.15,106.5,1569169745,0,70,1.99,70.17
370,Souillac,FR,45.6,-0.6,1569169745,48,68,18.34,71.01
371,Boguchany,RU,58.38,97.46,1569169745,100,82,1.32,39.21
372,Ixtapa,MX,20.71,-105.21,1569169746,40,79,4.27,86.0
373,Kalmunai,LK,7.42,81.82,1569169746,69,85,5.66,79.17
374,Yar-Sale,RU,66.83,70.83,1569169746,97,72,8.77,37.41
375,Santa Cruz de Tenerife,ES,28.47,-16.25,1569169746,75,78,11.41,79.0
376,Bara,NG,10.41,10.6,1569169746,12,42,3.4,91.77
377,Zhuhai,CN,40.71,112.04,1569169747,0,58,4.47,55.4
378,Tazovskiy,RU,67.47,78.7,1569169747,38,76,10.16,36.87
379,Grand-Santi,GF,4.27,-54.38,1569169747,65,43,5.06,92.13
380,Berat,AL,40.7,19.96,1569169747,78,62,4.9,71.25
381,Sharan,AF,33.15,68.78,1569169748,0,8,6.08,70.35
382,Buy,RU,58.48,41.53,1569169748,100,93,5.23,37.23
383,Surt,LY,31.21,16.59,1569169748,0,75,15.39,77.37
384,Yara,CU,20.27,-76.95,1569169748,100,79,2.68,81.51
385,Tarrafal,CV,15.28,-23.77,1569169748,40,55,16.11,91.4
386,Cidreira,BR,-30.17,-50.22,1569169749,0,49,11.32,66.39
387,Kimbe,PG,-5.56,150.15,1569169749,100,94,2.62,73.59
388,Nelson Bay,AU,-32.72,152.14,1569169749,40,93,6.93,61.0
389,Upernavik,GL,72.79,-56.15,1569169749,64,75,6.64,35.61
390,Norfolk,US,36.85,-76.29,1569169592,1,54,6.93,86.0
391,Lithgow,AU,-33.48,150.16,1569169749,0,93,2.39,53.01
392,Tarauaca,BR,-8.16,-70.77,1569169750,0,43,2.98,90.69
393,Cape Canaveral,US,28.41,-80.6,1569169518,20,58,16.11,86.0
394,Porto Velho,BR,-8.75,-63.87,1569169729,40,69,4.7,82.4
395,Mount Gambier,AU,-37.83,140.78,1569169750,75,93,8.05,42.8
396,Chalon-sur-Saone,FR,46.78,4.85,1569169632,100,64,12.75,73.4
397,Arandis,NA,-22.42,14.98,1569169751,35,79,3.0,63.0
398,Marawi,PH,8.0,124.29,1569169751,99,91,5.01,75.0
399,Valparaiso,US,41.47,-87.06,1569169653,75,48,18.34,82.4
400,Sur,OM,22.57,59.53,1569169751,82,52,0.54,84.03
401,Mathathane,BW,-22.27,28.75,1569169752,0,8,5.91,93.57
402,Kandrian,PG,-6.21,149.55,1569169752,100,96,1.59,72.69
403,Port Hardy,CA,50.7,-127.42,1569169752,90,100,9.17,55.4
404,Sisimiut,GL,66.94,-53.67,1569169654,87,89,13.78,39.39
405,Santa Cruz del Sur,CU,20.71,-78.0,1569169752,63,75,4.7,84.57
406,Nicolas Bravo,MX,24.39,-104.74,1569169752,5,59,2.24,70.0
407,Tommot,RU,58.97,126.27,1569169753,63,94,7.38,39.39
408,Bubaque,GW,11.28,-15.83,1569169753,100,83,9.82,79.89
409,La Orilla,MX,18.0,-102.23,1569169753,66,76,2.75,81.33
410,Chauny,FR,49.61,3.22,1569169753,100,93,10.29,61.0
411,Zeya,RU,53.74,127.27,1569169753,97,96,4.52,47.13
412,Ponta do Sol,BR,-20.63,-46.0,1569169753,12,36,4.72,89.61
413,Fuerte Olimpo,BR,-21.04,-57.87,1569169754,19,23,9.91,91.59
414,Kouango,CF,4.99,19.98,1569169754,99,74,2.42,85.83
415,Praia,BR,-20.25,-43.81,1569169754,0,45,9.17,86.0
416,Barinas,VE,8.64,-70.23,1569169755,100,87,1.16,75.39
417,Chivay,PE,-15.64,-71.6,1569169755,89,41,4.5,52.35
418,Marica,BR,-22.92,-42.82,1569169755,90,100,13.87,73.4
419,Trincomalee,LK,8.58,81.23,1569169755,100,90,3.09,77.37
420,Archidona,EC,-0.91,-77.81,1569169755,75,70,4.14,84.2
421,Lamu,CN,35.77,102.37,1569169756,47,60,6.26,47.13
422,Kalemie,CD,-5.95,29.2,1569169756,56,37,1.68,82.41
423,California City,US,35.13,-117.99,1569169756,96,16,6.93,73.99
424,Luanda,AO,-8.83,13.24,1569169756,0,78,11.41,77.0
425,Majur,HR,45.26,16.53,1569169757,0,68,4.7,68.0
426,Monterey,US,36.6,-121.89,1569169757,90,87,3.36,69.01
427,Alihe,CN,50.57,123.73,1569169757,0,75,4.52,51.63
428,Serov,RU,59.61,60.57,1569169757,50,77,5.17,33.99
429,Uyuni,BO,-20.46,-66.82,1569169757,0,9,2.19,58.29
430,Kasongo-Lunda,CD,-6.48,16.82,1569169758,76,33,3.62,90.69
431,San Cristobal,HN,14.68,-86.92,1569169758,88,74,2.15,77.01
432,Ritchie,ZA,-29.03,24.6,1569169758,0,32,9.17,68.0
433,Chimbote,PE,-9.08,-78.59,1569169758,100,93,6.91,60.27
434,Jurm,AF,36.86,70.83,1569169758,0,51,3.58,51.81
435,Teya,MX,21.05,-89.07,1569169759,75,70,8.05,90.0
436,Luderitz,NA,-26.65,15.16,1569169759,0,40,24.16,73.4
437,Iranshahr,IR,27.21,60.69,1569169759,0,12,4.7,98.6
438,Manaus,BR,-3.13,-59.98,1569169759,40,66,6.93,87.8
439,Dudinka,RU,69.41,86.18,1569169759,75,80,15.66,37.4
440,Shimoda,JP,34.7,138.93,1569169760,75,94,1.12,73.4
441,Vilhena,BR,-12.74,-60.15,1569169760,48,62,10.29,84.2
442,Waitati,NZ,-45.75,170.57,1569169760,95,67,10.29,50.01
443,Ceyhan,TR,37.03,35.82,1569169760,0,41,8.05,79.0
444,Saint Anthony,US,43.97,-111.68,1569169712,1,54,6.93,54.0
445,Ilulissat,GL,69.22,-51.1,1569169761,44,69,3.36,39.2
446,Lianran,CN,24.92,102.47,1569169761,0,71,8.95,59.0
447,Chekalin,RU,54.1,36.24,1569169761,40,80,6.71,39.2
448,Araouane,ML,18.9,-3.53,1569169761,0,6,8.39,106.35
449,Bathurst,AU,-33.42,149.58,1569169762,0,63,3.44,44.01
450,Listvyanskiy,RU,54.44,83.49,1569169762,64,70,17.18,60.27
451,Mollendo,PE,-17.03,-72.02,1569169762,100,86,10.54,60.45
452,Terney,RU,45.05,136.61,1569169762,100,79,5.84,46.59
453,Iqaluit,CA,63.75,-68.52,1569169762,75,69,12.75,39.2
454,Aljustrel,PT,37.88,-8.16,1569169763,40,43,10.29,73.4
455,Promyshlennovskiy,RU,55.48,86.2,1569169763,0,54,6.71,53.6
456,Puerto Escondido,MX,15.86,-97.07,1569169763,40,70,5.82,84.2
457,Leningradskiy,RU,69.38,178.42,1569169763,100,93,14.58,32.01
458,Kakonko,TZ,-3.28,30.97,1569169763,83,25,4.85,86.55
459,Skibbereen,IE,51.55,-9.27,1569169764,40,67,11.41,60.8
460,Road Town,VG,18.42,-64.62,1569169764,40,74,6.93,81.0
461,Lithakia,GR,37.72,20.83,1569169764,20,47,8.05,78.8
462,Mumbwa,ZM,-14.99,27.06,1569169764,19,12,6.17,91.41
463,Kavieng,PG,-2.57,150.8,1569169765,100,70,5.5,82.95
464,Jertih,MY,5.74,102.5,1569169765,75,78,6.93,82.4
465,Beja,PT,38.02,-7.87,1569169765,40,43,10.29,73.4
466,Svetlogorsk,RU,53.14,59.15,1569169765,20,69,8.95,33.8
467,Quatre Cocos,MU,-20.21,57.76,1569169765,75,88,13.87,71.6
468,Kaniama,CD,-7.57,24.18,1569169766,100,47,3.74,82.05
469,Kaabong,UG,3.51,34.14,1569169766,83,46,1.01,78.45
470,Sorland,NO,67.67,12.69,1569169766,20,65,14.99,46.4
471,Erenhot,CN,43.65,111.97,1569169766,19,23,8.03,66.03
472,Dunedin,NZ,-45.87,170.5,1569169766,95,67,10.29,50.01
473,Hrinova,SK,48.58,19.53,1569169767,0,45,4.7,64.4
474,Ukiah,US,39.15,-123.21,1569169608,1,67,3.53,70.0
475,Port-Cartier,CA,50.03,-66.88,1569169767,20,71,5.82,60.01
476,Corner Brook,CA,48.95,-57.95,1569169767,75,51,23.04,60.8
477,Kieta,PG,-6.22,155.63,1569169767,6,78,7.65,79.71
478,Sibolga,ID,1.74,98.78,1569169767,28,83,14.05,82.05
479,Champerico,MX,16.38,-93.6,1569169768,40,69,4.29,80.6
480,Tabas,IR,33.6,56.92,1569169768,0,9,4.7,93.2
481,King City,CA,43.93,-79.54,1569169768,75,58,17.22,86.0
482,Ninghai,CN,29.29,121.42,1569169768,0,68,8.95,73.0
483,Karpathos,GR,35.51,27.21,1569169768,0,56,28.86,71.6
484,Gat,SN,14.69,-16.54,1569169769,75,66,2.24,91.4
485,Port Macquarie,AU,-31.43,152.91,1569169769,5,77,8.05,62.6
486,Bocas del Toro,PA,9.33,-82.25,1569169769,100,82,5.77,79.71
487,Medicine Hat,CA,50.04,-110.68,1569169596,5,58,14.99,61.0
488,Portales,US,34.19,-103.33,1569169610,20,60,17.22,70.0
489,Rawson,AR,-43.3,-65.11,1569169769,0,26,15.57,57.57
490,Grand Gaube,MU,-20.01,57.66,1569169769,75,88,13.87,71.6
491,Victoria,BN,5.28,115.24,1569169770,75,83,2.24,82.4
492,Noshiro,JP,40.21,140.05,1569169770,100,90,5.44,56.49
493,Harnosand,SE,62.63,17.94,1569169770,0,45,6.93,51.01
494,Egvekinot,RU,66.32,-179.17,1569169771,0,73,1.59,25.71
495,Espoo,FI,60.22,24.66,1569169771,20,52,9.17,46.4
496,Poum,MK,41.28,20.71,1569169771,0,52,2.24,69.8
497,Sarkand,KZ,45.41,79.91,1569169771,0,17,6.98,75.93
498,Toro,ES,41.52,-5.39,1569169771,40,40,13.87,69.01
499,Bellevue,DE,50.05,10.19,1569169772,40,46,3.36,75.99
500,Ouahigouya,BF,13.58,-2.42,1569169772,0,29,3.87,98.07
501,Nadym,RU,65.53,72.51,1569169772,100,66,19.62,41.19
502,Khasan,RU,42.43,130.64,1569169772,100,78,2.91,51.63
503,Seoul,KR,37.57,126.98,1569169772,75,63,4.7,66.2
504,Kiunga,PG,-6.12,141.3,1569169773,100,99,2.53,72.15
505,Kavali,IN,14.91,79.99,1569169773,1,71,7.83,83.31
506,Tunceli,TR,39.11,39.55,1569169773,0,30,6.93,64.4
507,Sotnikovskoye,RU,45.0,43.79,1569169773,0,44,12.73,59.19
508,Sovetskaya,RU,44.78,41.17,1569169773,2,5,21.99,55.0
509,Novooleksiyivka,UA,48.49,32.24,1569169774,20,52,9.57,64.95
510,Nabire,ID,-3.36,135.5,1569169774,100,99,3.49,68.73
511,Alnavar,IN,15.43,74.74,1569169774,67,99,4.09,69.27
512,Killam,CA,52.79,-111.86,1569169774,0,72,6.02,53.25
513,Rio Grande,BR,-32.03,-52.1,1569169774,0,40,10.29,68.0
514,Dickinson,US,46.88,-102.79,1569169643,1,63,10.29,62.01
515,Khandyga,RU,62.65,135.58,1569169775,100,97,3.13,33.99
516,Sioux Lookout,CA,50.1,-91.92,1569169721,40,82,16.11,59.0
517,Bida,NG,9.08,6.02,1569169775,37,50,1.68,92.85
518,Griffith,AU,-34.29,146.06,1569169775,90,57,2.86,50.0
519,Menzelinsk,RU,55.73,53.11,1569169776,40,93,11.18,37.4
520,Chumikan,RU,54.72,135.31,1569169776,54,94,6.13,41.37
521,Wanning,AT,48.64,13.53,1569169776,75,59,3.36,66.0
522,Sao Jose da Coroa Grande,BR,-8.9,-35.15,1569169776,42,59,9.75,82.95
523,Sinnamary,GF,5.38,-52.96,1569169776,100,78,16.71,82.23
524,Lokachi,UA,50.74,24.65,1569169777,0,59,7.07,62.01
525,Shitanjing,CN,39.23,106.34,1569169777,14,31,10.31,68.19
526,Cabrobo,BR,-8.51,-39.31,1569169777,66,29,11.77,88.89
527,Marietta,US,33.95,-84.55,1569169509,20,54,6.93,82.99
528,Rincon,PA,8.46,-82.28,1569169777,40,78,4.7,82.4
529,Ballina,IE,54.11,-9.15,1569169778,75,87,12.75,60.01
530,Shelburne,CA,44.08,-80.2,1569169592,1,61,10.29,82.4
531,Fukue,JP,35.03,136.69,1569169778,75,94,21.92,79.0
532,Grenfell,AU,-33.9,148.16,1569169778,57,75,2.04,43.17
533,Mushie,CD,-3.02,16.92,1569169778,43,45,0.94,90.87
534,Rusape,ZW,-18.53,32.12,1569169779,3,14,7.11,82.95
535,Qaqortoq,GL,60.72,-46.03,1569169744,0,70,2.24,42.8
536,Zhob,PK,31.34,69.45,1569169779,0,29,8.95,75.93
537,Suleja,NG,9.18,7.18,1569169779,75,69,25.28,73.4
538,Ambovombe,MG,-25.18,46.09,1569169779,0,79,31.16,72.51
539,Cortes,PH,9.28,126.19,1569169780,89,77,5.84,80.61
540,Palana,RU,59.08,159.95,1569169780,100,87,22.03,47.49
541,Stromness,CA,42.87,-79.55,1569169780,75,58,16.11,84.2
542,Vrangel,RU,42.73,133.08,1569169780,100,78,4.36,49.65
543,El Real de Santa Maria,PA,8.11,-77.73,1569169781,100,62,1.07,85.65
544,Kirove,UA,47.83,38.01,1569169781,87,61,16.17,59.37
545,Husavik,CA,50.56,-96.99,1569169781,69,91,3.0,60.01
546,Tiznit,MA,29.7,-9.73,1569169781,0,88,7.67,69.81
547,Timizart,DZ,36.8,4.25,1569169782,100,87,2.51,73.77
548,Ketchikan,US,55.34,-131.65,1569169782,90,93,5.82,53.6
549,Tual,ID,-5.67,132.75,1569169782,0,89,12.71,78.27
550,Fengcheng,CN,40.45,124.07,1569169782,0,66,4.61,53.07
551,Axim,GH,4.87,-2.24,1569169782,100,87,6.58,77.73
552,Meulaboh,ID,4.14,96.13,1569169783,97,81,5.37,81.69
553,Opuwo,NA,-18.06,13.84,1569169783,95,11,16.71,94.65
554,Hajdunanas,HU,47.85,21.43,1569169783,0,24,4.7,71.6
555,Erzin,TR,36.95,36.2,1569169783,0,34,6.93,81.0
556,Paka,CF,4.15,15.03,1569169784,100,88,3.13,79.35
557,Caravelas,BR,-17.73,-39.27,1569169784,24,63,8.08,78.99
558,Laguna,BZ,16.17,-88.94,1569169784,40,70,6.93,87.8
559,Bayan,CN,36.1,102.26,1569169784,47,60,6.26,47.13
560,West Wendover,US,40.74,-114.07,1569169566,1,46,5.82,53.6
561,Cururupu,BR,-1.82,-44.87,1569169784,60,60,6.17,87.09
